Emaj7,E2,1,0,0
Emaj7,_,2,0,0
Emaj7,_,3,0,0
Emaj7,_,4,0,0
Emaj7,_,5,0,0
Emaj7,_,6,0,0
Emaj7,_,7,0,0
Emaj7,B2,8,1,0
Emaj7,+,9,2,0
Emaj7,_,10,0,0
Emaj7,C#3,11,0,0
Emaj7,_,12,0,0
Emaj7,B2,13,0,0
Emaj7,_,14,0,0
Emaj7,C#3,15,0,0
Emaj7,_,16,0,0
Emaj7,E2,1,0,0
Emaj7,_,2,0,0
Emaj7,_,3,0,0
Emaj7,_,4,0,0
Emaj7,_,5,0,0
Emaj7,_,6,0,0
Emaj7,_,7,0,0
Emaj7,B2,8,1,0
Emaj7,+,9,2,0
Emaj7,_,10,0,0
Emaj7,C#3,11,0,0
Emaj7,_,12,0,0
Emaj7,E3,13,0,0
Emaj7,_,14,0,0
Emaj7,C#3,15,0,0
Emaj7,_,16,0,0
Emaj7,E2,1,0,0
Emaj7,_,2,0,0
Emaj7,_,3,0,0
Emaj7,_,4,0,0
Emaj7,_,5,0,0
Emaj7,_,6,0,0
Emaj7,_,7,0,0
Emaj7,B2,8,1,0
Emaj7,+,9,2,0
Emaj7,_,10,0,0
Emaj7,C#3,11,0,0
Emaj7,_,12,0,0
Emaj7,B2,13,0,0
Emaj7,_,14,0,0
Emaj7,C#3,15,0,0
Emaj7,_,16,0,0
Emaj7,E2,1,0,0
Emaj7,_,2,0,0
Emaj7,_,3,0,0
Emaj7,_,4,0,0
Emaj7,_,5,0,0
Emaj7,_,6,0,0
Emaj7,_,7,0,0
Emaj7,G#2,8,1,0
Emaj7,+,9,2,0
Emaj7,C#3,10,0,0
Emaj7,_,11,0,0
Emaj7,C3,12,0,0
Emaj7,B2,13,0,0
Emaj7,_,14,0,0
Emaj7,C#3,15,0,0
Emaj7,_,16,0,0
Emaj7,E2,1,0,0
Emaj7,_,2,0,0
Emaj7,E2,3,1,0
Emaj7,_,4,0,0
Emaj7,+,5,2,0
Emaj7,_,6,0,0
Emaj7,_,7,0,0
Emaj7,B2,8,1,0
Emaj7,+,9,2,0
Emaj7,_,10,0,0
Emaj7,C#3,11,0,0
Emaj7,_,12,0,0
Emaj7,E3,13,0,0
Emaj7,_,14,0,0
Emaj7,C#3,15,0,0
Emaj7,_,16,0,0
Emaj7,E3,1,0,0
Emaj7,_,2,0,0
Emaj7,E3,3,1,0
Emaj7,_,4,0,0
Emaj7,+,5,2,0
Emaj7,_,6,0,0
Emaj7,_,7,0,0
Emaj7,F#3,8,0,0
Emaj7,E3,9,0,0
Emaj7,_,10,0,0
Emaj7,_,11,0,0
Emaj7,F#3,12,1,0
Emaj7,+,13,2,0
Emaj7,_,14,0,0
Emaj7,G#3,15,0,0
Emaj7,_,16,0,0
C#m7,C#3,1,0,0
C#m7,_,2,0,0
C#m7,_,3,0,0
C#m7,_,4,0,0
C#m7,_,5,0,0
C#m7,_,6,0,0
C#m7,_,7,0,0
C#m7,C#3,8,1,0
C#m7,+,9,2,0
C#m7,B2,10,0,0
C#m7,G#2,11,0,0
C#m7,_,12,0,0
C#m7,B2,13,0,0
C#m7,_,14,0,0
C#m7,C3,15,0,0
C#m7,_,16,0,0
C#m7,C#3,1,0,0
C#m7,_,2,0,0
C#m7,_,3,0,0
C#m7,_,4,0,0
C#m7,_,5,0,0
C#m7,_,6,0,0
C#m7,_,7,0,0
C#m7,x,8,0,1
C#m7,C#3,9,0,0
C#m7,_,10,0,0
C#m7,_,11,0,0
C#m7,C#3,12,1,0
C#m7,+,13,2,0
C#m7,_,14,0,0
C#m7,D#3,15,0,0
C#m7,_,16,0,0
Emaj7,E3,1,0,0
Emaj7,_,2,0,0
Emaj7,_,3,0,0
Emaj7,_,4,0,0
Emaj7,_,5,0,0
Emaj7,_,6,0,0
Emaj7,_,7,0,0
Emaj7,B2,8,1,0
Emaj7,+,9,2,0
Emaj7,_,10,0,0
Emaj7,C#3,11,0,0
Emaj7,_,12,0,0
Emaj7,E3,13,0,0
Emaj7,_,14,0,0
Emaj7,C#3,15,0,0
Emaj7,_,16,0,0
Emaj7,E2,1,0,0
Emaj7,_,2,0,0
Emaj7,_,3,0,0
Emaj7,_,4,0,0
Emaj7,_,5,0,0
Emaj7,_,6,0,0
Emaj7,_,7,0,0
Emaj7,_,8,0,0
Emaj7,E3,9,0,0
Emaj7,_,10,0,0
Emaj7,_,11,0,0
Emaj7,G#3,12,1,0
Emaj7,+,13,2,0
Emaj7,_,14,0,0
Emaj7,B3,15,0,0
Emaj7,_,16,0,0
C#m7,C#4,1,0,0
C#m7,_,2,0,0
C#m7,_,3,0,0
C#m7,_,4,0,0
C#m7,_,5,0,0
C#m7,_,6,0,0
C#m7,_,7,0,0
C#m7,_,8,0,0
C#m7,_,9,0,0
C#m7,_,10,0,0
C#m7,_,11,0,0
C#m7,_,12,0,0
C#m7,rest,13,0,0
C#m7,_,14,0,0
C#m7,G#3,15,0,0
C#m7,_,16,0,0
C#m7,C#3,1,0,0
C#m7,_,2,0,0
C#m7,_,3,0,0
C#m7,B2,4,0,0
C#m7,G#2,5,0,0
C#m7,_,6,0,0
C#m7,_,7,0,0
C#m7,B2,8,1,0
C#m7,+,9,2,0
C#m7,_,10,0,0
C#m7,C3,11,0,0
C#m7,_,12,0,0
C#m7,C#3,13,0,0
C#m7,_,14,0,0
C#m7,G#2,15,0,0
C#m7,_,16,0,0
F#m7,G#2,1,0,0
F#m7,_,2,0,0
F#m7,G#2,3,1,0
F#m7,_,4,0,0
F#m7,_,5,0,0
F#m7,_,6,0,0
F#m7,_,7,0,0
F#m7,_,8,0,0
F#m7,+,9,2,0
F#m7,_,10,0,0
F#m7,_,11,0,0
F#m7,C#3,12,0,0
F#m7,F#3,13,0,0
F#m7,E3,14,0,0
F#m7,C#3,15,0,0
F#m7,_,16,0,0
F#m7,F#3,1,0,0
F#m7,_,2,0,0
F#m7,_,3,0,0
F#m7,_,4,0,0
F#m7,_,5,0,0
F#m7,_,6,0,0
F#m7,_,7,0,0
F#m7,C#3,8,0,0
F#m7,F#2,9,0,0
F#m7,_,10,0,0
F#m7,x,11,0,1
F#m7,C#3,12,1,0
F#m7,+,13,2,0
F#m7,_,14,0,0
F#m7,C3,15,0,0
F#m7,_,16,0,0
A/B,B2,1,0,0
A/B,_,2,0,0
A/B,_,3,0,0
A/B,_,4,0,0
A/B,_,5,0,0
A/B,_,6,0,0
A/B,_,7,0,0
A/B,D#3,8,1,0
A/B,+,9,2,0
A/B,E3,10,0,0
A/B,_,11,0,0
A/B,x,12,0,1
A/B,F#3,13,0,0
A/B,_,14,0,0
A/B,A3,15,0,0
A/B,_,16,0,0
B9,B3,1,0,0
B9,A3,2,0,0
B9,F#3,3,0,0
B9,_,4,0,0
B9,B3,5,0,0
B9,A3,6,0,0
B9,F#3,7,0,0
B9,_,8,0,0
B9,B2,9,0,0
B9,_,10,0,0
B9,C#3,11,0,0
B9,_,12,0,0
B9,E3,13,0,0
B9,C#3,14,0,0
B9,B2,15,0,0
B9,_,16,0,0
Emaj7,E2,1,0,0
Emaj7,_,2,0,0
Emaj7,_,3,0,0
Emaj7,_,4,0,0
Emaj7,_,5,0,0
Emaj7,_,6,0,0
Emaj7,_,7,0,0
Emaj7,B2,8,1,0
Emaj7,+,9,2,0
Emaj7,_,10,0,0
Emaj7,C#3,11,0,0
Emaj7,_,12,0,0
Emaj7,E3,13,0,0
Emaj7,_,14,0,0
Emaj7,C#3,15,0,0
Emaj7,_,16,0,0
Emaj7,E3,1,1,0
Emaj7,_,2,0,0
Emaj7,_,3,0,0
Emaj7,_,4,0,0
Emaj7,+,5,2,0
Emaj7,_,6,0,0
Emaj7,_,7,0,0
Emaj7,E3,8,1,0
Emaj7,+,9,2,0
Emaj7,_,10,0,0
Emaj7,_,11,0,0
Emaj7,F#3,12,1,0
Emaj7,+,13,2,0
Emaj7,_,14,0,0
Emaj7,G#3,15,0,0
Emaj7,_,16,0,0
C#m7,C#3,1,0,0
C#m7,_,2,0,0
C#m7,_,3,0,0
C#m7,_,4,0,0
C#m7,_,5,0,0
C#m7,_,6,0,0
C#m7,_,7,0,0
C#m7,G#2,8,1,0
C#m7,+,9,2,0
C#m7,B2,10,0,0
C#m7,_,11,0,0
C#m7,C3,12,0,0
C#m7,C#3,13,0,0
C#m7,B2,14,0,0
C#m7,G#2,15,0,0
C#m7,_,16,0,0
C#m7,C#3,1,0,0
C#m7,_,2,0,0
C#m7,_,3,0,0
C#m7,_,4,0,0
C#m7,_,5,0,0
C#m7,_,6,0,0
C#m7,_,7,0,0
C#m7,x,8,0,1
C#m7,C#3,9,0,0
C#m7,_,10,0,0
C#m7,_,11,0,0
C#m7,C#3,12,1,0
C#m7,+,13,2,0
C#m7,_,14,0,0
C#m7,D#3,15,0,0
C#m7,_,16,0,0
Emaj7,E3,1,0,0
Emaj7,_,2,0,0
Emaj7,_,3,0,0
Emaj7,_,4,0,0
Emaj7,_,5,0,0
Emaj7,_,6,0,0
Emaj7,_,7,0,0
Emaj7,B2,8,1,0
Emaj7,+,9,2,0
Emaj7,_,10,0,0
Emaj7,C#3,11,0,0
Emaj7,_,12,0,0
Emaj7,E3,13,0,0
Emaj7,_,14,0,0
Emaj7,C#3,15,0,0
Emaj7,_,16,0,0
Emaj7,E2,1,0,0
Emaj7,_,2,0,0
Emaj7,_,3,0,0
Emaj7,_,4,0,0
Emaj7,_,5,0,0
Emaj7,_,6,0,0
Emaj7,_,7,0,0
Emaj7,_,8,0,0
Emaj7,E3,9,0,0
Emaj7,_,10,0,0
Emaj7,_,11,0,0
Emaj7,G#3,12,1,0
Emaj7,+,13,2,0
Emaj7,_,14,0,0
Emaj7,B3,15,0,0
Emaj7,_,16,0,0
C#m7,C#4,1,0,0
C#m7,_,2,0,0
C#m7,_,3,0,0
C#m7,_,4,0,0
C#m7,_,5,0,0
C#m7,_,6,0,0
C#m7,_,7,0,0
C#m7,G#3,8,0,0
C#m7,B3,9,0,0
C#m7,_,10,0,0
C#m7,C4,11,0,0
C#m7,_,12,0,0
C#m7,C#4,13,0,0
C#m7,B3,14,0,0
C#m7,G#3,15,0,0
C#m7,x,16,0,1
C#m7,C#3,1,0,0
C#m7,_,2,0,0
C#m7,_,3,0,0
C#m7,B2,4,0,0
C#m7,G#2,5,0,0
C#m7,_,6,0,0
C#m7,_,7,0,0
C#m7,B2,8,0,0
C#m7,C#3,9,0,0
C#m7,_,10,0,0
C#m7,x,11,0,1
C#m7,B2,12,1,0
C#m7,+,13,2,0
C#m7,_,14,0,0
C#m7,G#2,15,0,0
C#m7,_,16,0,0
F#m7,F#2,1,1,0
F#m7,_,2,0,0
F#m7,_,3,0,0
F#m7,_,4,0,0
F#m7,_,5,0,0
F#m7,_,6,0,0
F#m7,_,7,0,0
F#m7,_,8,0,0
F#m7,+,9,2,0
F#m7,_,10,0,0
F#m7,_,11,0,0
F#m7,C#3,12,0,0
F#m7,E3,13,0,0
F#m7,_,14,0,0
F#m7,E#3,15,0,0
F#m7,_,16,0,0
F#m7,F#3,1,0,0
F#m7,_,2,0,0
F#m7,_,3,0,0
F#m7,_,4,0,0
F#m7,_,5,0,0
F#m7,_,6,0,0
F#m7,_,7,0,0
F#m7,C#3,8,0,0
F#m7,F#2,9,0,0
F#m7,_,10,0,0
F#m7,x,11,0,1
F#m7,C#3,12,1,0
F#m7,+,13,2,0
F#m7,_,14,0,0
F#m7,C3,15,0,0
F#m7,_,16,0,0
A/B,B2,1,0,0
A/B,_,2,0,0
A/B,_,3,0,0
A/B,_,4,0,0
A/B,_,5,0,0
A/B,_,6,0,0
A/B,D#3,7,1,0
A/B,_,8,0,0
A/B,+,9,2,0
A/B,E3,10,0,0
A/B,_,11,0,0
A/B,E#3,12,0,0
A/B,F#3,13,0,0
A/B,_,14,0,0
A/B,A3,15,0,0
A/B,A#3,16,0,0
B9,B3,1,0,0
B9,A3,2,0,0
B9,F#3,3,0,0
B9,x,4,0,1
B9,B2,5,0,0
B9,_,6,0,0
B9,_,7,0,0
B9,x,8,0,1
B9,B2,9,0,0
B9,_,10,0,0
B9,B2,11,0,0
B9,_,12,0,0
B9,A2,13,0,0
B9,A2,14,0,0
B9,G#2,15,0,0
B9,G2,16,0,0
F#m9,F#2,1,0,0
F#m9,_,2,0,0
F#m9,F#2,3,1,0
F#m9,_,4,0,0
F#m9,+,5,2,0
F#m9,_,6,0,0
F#m9,_,7,0,0
F#m9,A2,8,1,0
F#m9,+,9,2,0
F#m9,_,10,0,0
F#m9,A2,11,0,0
F#m9,_,12,0,0
F#m9,C#3,13,0,0
F#m9,_,14,0,0
F#m9,C3,15,0,0
F#m9,_,16,0,0
Amaj7/B,B2,1,0,0
Amaj7/B,B2,2,0,0
Amaj7/B,_,3,0,0
Amaj7/B,B2,4,0,0
Amaj7/B,A2,5,0,0
Amaj7/B,_,6,0,0
Amaj7/B,_,7,0,0
Amaj7/B,A2,8,0,0
Amaj7/B,G#2,9,0,0
Amaj7/B,_,10,0,0
Amaj7/B,_,11,0,0
Amaj7/B,A2,12,0,0
Amaj7/B,G2,13,0,0
Amaj7/B,_,14,0,0
Amaj7/B,_,15,0,0
Amaj7/B,x,16,0,1
F#m9,F#2,1,0,0
F#m9,_,2,0,0
F#m9,F#2,3,1,0
F#m9,_,4,0,0
F#m9,+,5,2,0
F#m9,_,6,0,0
F#m9,_,7,0,0
F#m9,F#2,8,1,0
F#m9,+,9,2,0
F#m9,_,10,0,0
F#m9,A2,11,0,0
F#m9,_,12,0,0
F#m9,C#3,13,0,0
F#m9,_,14,0,0
F#m9,C3,15,0,0
F#m9,_,16,0,0
Amaj7/B,B2,1,0,0
Amaj7/B,_,2,0,0
Amaj7/B,_,3,0,0
Amaj7/B,_,4,0,0
Amaj7/B,_,5,0,0
Amaj7/B,_,6,0,0
Amaj7/B,D#3,7,1,0
Amaj7/B,_,8,0,0
Amaj7/B,+,9,2,0
Amaj7/B,E3,10,0,0
Amaj7/B,_,11,0,0
Amaj7/B,x,12,0,1
Amaj7/B,F#3,13,0,0
Amaj7/B,_,14,0,0
Amaj7/B,B3,15,0,0
Amaj7/B,E#3,16,0,0
F#m9,F#3,1,0,0
F#m9,_,2,0,0
F#m9,F#3,3,1,0
F#m9,_,4,0,0
F#m9,+,5,2,0
F#m9,_,6,0,0
F#m9,_,7,0,0
F#m9,C#3,8,0,0
F#m9,F#2,9,0,0
F#m9,_,10,0,0
F#m9,_,11,0,0
F#m9,C#3,12,1,0
F#m9,+,13,2,0
F#m9,_,14,0,0
F#m9,C3,15,0,0
F#m9,_,16,0,0
Amaj7/B,B2,1,0,0
Amaj7/B,_,2,0,0
Amaj7/B,_,3,0,0
Amaj7/B,_,4,0,0
Amaj7/B,_,5,0,0
Amaj7/B,_,6,0,0
Amaj7/B,_,7,0,0
Amaj7/B,x,8,0,1
B9,B2,9,0,0
B9,_,10,0,0
B9,_,11,0,0
B9,C#3,12,1,0
B9,+,13,2,0
B9,_,14,0,0
B9,D#3,15,0,0
B9,_,16,0,0
Emaj7,E3,1,0,0
Emaj7,_,2,0,0
Emaj7,_,3,0,0
Emaj7,_,4,0,0
Emaj7,_,5,0,0
Emaj7,_,6,0,0
Emaj7,_,7,0,0
Emaj7,x,8,0,1
Emaj7,E3,9,0,0
Emaj7,_,10,0,0
Emaj7,_,11,0,0
Emaj7,F#3,12,1,0
Emaj7,+,13,2,0
Emaj7,_,14,0,0
Emaj7,G#3,15,0,0
Emaj7,x,16,0,1
C#m7,C#3,1,0,0
C#m7,_,2,0,0
C#m7,C#3,3,1,0
C#m7,_,4,0,0
C#m7,+,5,2,0
C#m7,_,6,0,0
C#m7,_,7,0,0
C#m7,x,8,0,1
C#m7,G#2,9,0,0
C#m7,_,10,0,0
C#m7,C#3,11,0,0
C#m7,_,12,0,0
C#m7,B2,13,0,0
C#m7,_,14,0,0
C#m7,C#3,15,0,0
C#m7,_,16,0,0
EM9,E2,1,0,0
EM9,_,2,0,0
EM9,_,3,0,0
EM9,_,4,0,0
EM9,_,5,0,0
EM9,_,6,0,0
EM9,_,7,0,0
EM9,_,8,0,0
EM9,E3,9,0,0
EM9,_,10,0,0
EM9,_,11,0,0
EM9,F#3,12,1,0
EM9,+,13,2,0
EM9,_,14,0,0
EM9,G#3,15,0,0
EM9,x,16,0,1
C#m7,C#3,1,1,0
C#m7,_,2,0,0
C#m7,_,3,0,0
C#m7,_,4,0,0
C#m7,_,5,0,0
C#m7,_,6,0,0
C#m7,_,7,0,0
C#m7,_,8,0,0
C#m7,+,9,2,0
C#m7,_,10,0,0
C#m7,C#3,11,0,0
C#m7,C#3,12,0,0
C#m7,C3,13,0,0
C#m7,C3,14,0,0
C#m7,B2,15,0,0
C#m7,B2,16,0,0
Am9,A2,1,0,0
Am9,_,2,0,0
Am9,A2,3,1,0
Am9,_,4,0,0
Am9,+,5,2,0
Am9,_,6,0,0
Am9,_,7,0,0
Am9,E3,8,1,0
Am9,+,9,2,0
Am9,A3,10,0,0
Am9,_,11,0,0
Am9,E3,12,0,0
Am9,A3,13,0,0
Am9,_,14,0,0
Am9,E3,15,0,0
Am9,_,16,0,0
Am9,A2,1,0,0
Am9,_,2,0,0
Am9,A2,3,1,0
Am9,_,4,0,0
Am9,+,5,2,0
Am9,_,6,0,0
Am9,_,7,0,0
Am9,E3,8,0,0
Am9,A3,9,0,0
Am9,_,10,0,0
Am9,_,11,0,0
Am9,E3,12,0,0
Am9,A3,13,0,0
Am9,_,14,0,0
Am9,E3,15,0,0
Am9,_,16,0,0
Am9,A2,1,0,0
Am9,_,2,0,0
Am9,A2,3,1,0
Am9,_,4,0,0
Am9,+,5,2,0
Am9,_,6,0,0
Am9,_,7,0,0
Am9,E3,8,1,0
Am9,+,9,2,0
Am9,A3,10,0,0
Am9,_,11,0,0
Am9,E3,12,0,0
Am9,A3,13,0,0
Am9,_,14,0,0
Am9,E3,15,0,0
Am9,_,16,0,0
Am9,A2,1,0,0
Am9,_,2,0,0
Am9,A2,3,1,0
Am9,_,4,0,0
Am9,+,5,2,0
Am9,_,6,0,0
Am9,_,7,0,0
Am9,E3,8,1,0
Am9,+,9,2,0
Am9,A3,10,0,0
Am9,_,11,0,0
Am9,E3,12,0,0
Am9,A3,13,0,0
Am9,_,14,0,0
Am9,E3,15,0,0
Am9,_,16,0,0
Am9,A2,1,0,0
Am9,_,2,0,0
Am9,A2,3,1,0
Am9,_,4,0,0
Am9,+,5,2,0
Am9,_,6,0,0
Am9,_,7,0,0
Am9,E3,8,1,0
Am9,+,9,2,0
Am9,A3,10,0,0
Am9,_,11,0,0
Am9,E3,12,0,0
Am9,A3,13,0,0
Am9,_,14,0,0
Am9,E3,15,0,0
Am9,_,16,0,0
Am9,A2,1,0,0
Am9,_,2,0,0
Am9,A2,3,1,0
Am9,_,4,0,0
Am9,+,5,2,0
Am9,_,6,0,0
Am9,_,7,0,0
Am9,E3,8,1,0
Am9,+,9,2,0
Am9,A3,10,0,0
Am9,_,11,0,0
Am9,E3,12,0,0
Am9,A3,13,0,0
Am9,E3,14,0,0
Am9,B3,15,0,0
Am9,E3,16,0,0
Am9,A2,1,0,0
Am9,_,2,0,0
Am9,A2,3,1,0
Am9,_,4,0,0
Am9,+,5,2,0
Am9,_,6,0,0
Am9,_,7,0,0
Am9,E3,8,1,0
Am9,+,9,2,0
Am9,A3,10,0,0
Am9,_,11,0,0
Am9,E3,12,0,0
Am9,A3,13,0,0
Am9,_,14,0,0
Am9,E3,15,0,0
Am9,_,16,0,0
Am9,A2,1,0,0
Am9,_,2,0,0
Am9,A2,3,1,0
Am9,_,4,0,0
Am9,+,5,2,0
Am9,_,6,0,0
Am9,_,7,0,0
Am9,E3,8,1,0
Am9,+,9,2,0
Am9,A3,10,0,0
Am9,_,11,0,0
Am9,E3,12,0,0
Am9,A3,13,0,0
Am9,E3,14,0,0
Am9,A2,15,0,0
Am9,_,16,0,0
A/B,B2,1,0,0
A/B,_,2,0,0
A/B,B2,3,0,0
A/B,_,4,0,0
A/B,_,5,0,0
A/B,_,6,0,0
A/B,D#3,7,1,0
A/B,_,8,0,0
A/B,+,9,2,0
A/B,E3,10,0,0
A/B,_,11,0,0
A/B,E#3,12,0,0
A/B,F#3,13,0,0
A/B,_,14,0,0
A/B,A3,15,0,0
A/B,_,16,0,0
A/B,B3,1,0,0
A/B,_,2,0,0
A/B,_,3,0,0
A/B,B3,4,0,0
A/B,D#3,5,0,0
A/B,D#3,6,0,0
A/B,_,7,0,0
A/B,E3,8,1,0
A/B,+,9,2,0
A/B,_,10,0,0
A/B,E#3,11,0,0
A/B,_,12,0,0
A/B,F#3,13,0,0
A/B,A2,14,0,0
A/B,C#3,15,0,0
A/B,C#3,16,0,0
A/B,B2,1,0,0
A/B,_,2,0,0
A/B,_,3,0,0
A/B,D#3,4,1,0
A/B,+,5,2,0
A/B,D#3,6,0,0
A/B,D#3,7,0,0
A/B,E3,8,1,0
A/B,+,9,2,0
A/B,E3,10,0,0
A/B,_,11,0,0
A/B,x,12,0,1
A/B,F#3,13,0,0
A/B,_,14,0,0
A/B,A3,15,0,0
A/B,_,16,0,0
A/B,B3,1,0,0
A/B,A3,2,0,0
A/B,F#3,3,0,0
A/B,_,4,0,0
A/B,B3,5,0,0
A/B,A3,6,0,0
A/B,F#3,7,0,0
A/B,_,8,0,0
A/B,B3,9,0,0
A/B,A3,10,0,0
A/B,F#3,11,0,0
A/B,_,12,0,0
A/B,B2,13,0,0
A/B,C#3,14,0,0
A/B,E3,15,0,0
A/B,C#3,16,0,0
Emaj7,E2,1,0,0
Emaj7,_,2,0,0
Emaj7,E2,3,0,0
Emaj7,_,4,0,0
Emaj7,E2,5,0,0
Emaj7,_,6,0,0
Emaj7,_,7,0,0
Emaj7,B2,8,1,0
Emaj7,+,9,2,0
Emaj7,_,10,0,0
Emaj7,C#3,11,0,0
Emaj7,_,12,0,0
Emaj7,E3,13,0,0
Emaj7,_,14,0,0
Emaj7,C#3,15,0,0
Emaj7,_,16,0,0
Emaj7,E3,1,0,0
Emaj7,_,2,0,0
Emaj7,E3,3,1,0
Emaj7,_,4,0,0
Emaj7,+,5,2,0
Emaj7,_,6,0,0
Emaj7,_,7,0,0
Emaj7,x,8,0,1
Emaj7,E3,9,0,0
Emaj7,_,10,0,0
Emaj7,_,11,0,0
Emaj7,F#3,12,1,0
Emaj7,+,13,2,0
Emaj7,_,14,0,0
Emaj7,G#3,15,0,0
Emaj7,_,16,0,0
C#m7,C#3,1,1,0
C#m7,_,2,0,0
C#m7,_,3,0,0
C#m7,_,4,0,0
C#m7,+,5,2,0
C#m7,_,6,0,0
C#m7,_,7,0,0
C#m7,B2,8,0,0
C#m7,G#2,9,0,0
C#m7,_,10,0,0
C#m7,_,11,0,0
C#m7,B2,12,1,0
C#m7,+,13,2,0
C#m7,_,14,0,0
C#m7,C3,15,0,0
C#m7,_,16,0,0
C#m9,C#3,1,0,0
C#m9,_,2,0,0
C#m9,_,3,0,0
C#m9,G#2,4,0,0
C#m9,C#3,5,0,0
C#m9,_,6,0,0
C#m9,_,7,0,0
C#m9,G#2,8,0,0
C#m9,C#3,9,0,0
C#m9,_,10,0,0
C#m9,_,11,0,0
C#m9,C#3,12,1,0
C#m9,+,13,2,0
C#m9,_,14,0,0
C#m9,D#3,15,0,0
C#m9,_,16,0,0
Emaj7,E3,1,0,0
Emaj7,_,2,0,0
Emaj7,E3,3,1,0
Emaj7,_,4,0,0
Emaj7,+,5,2,0
Emaj7,_,6,0,0
Emaj7,_,7,0,0
Emaj7,B2,8,1,0
Emaj7,+,9,2,0
Emaj7,_,10,0,0
Emaj7,C#3,11,0,0
Emaj7,_,12,0,0
Emaj7,E3,13,0,0
Emaj7,_,14,0,0
Emaj7,C#3,15,0,0
Emaj7,_,16,0,0
Emaj7,E2,1,0,0
Emaj7,_,2,0,0
Emaj7,E2,3,1,0
Emaj7,_,4,0,0
Emaj7,+,5,2,0
Emaj7,_,6,0,0
Emaj7,_,7,0,0
Emaj7,x,8,0,1
Emaj7,E3,9,0,0
Emaj7,_,10,0,0
Emaj7,_,11,0,0
Emaj7,G#3,12,1,0
Emaj7,+,13,2,0
Emaj7,_,14,0,0
Emaj7,B3,15,0,0
Emaj7,_,16,0,0
C#m9,C#4,1,0,0
C#m9,_,2,0,0
C#m9,_,3,0,0
C#m9,_,4,0,0
C#m9,_,5,0,0
C#m9,_,6,0,0
C#m9,_,7,0,0
C#m9,_,8,0,0
C#m9,_,9,0,0
C#m9,_,10,0,0
C#m9,_,11,0,0
C#m9,_,12,0,0
C#m9,rest,13,0,0
C#m9,_,14,0,0
C#m9,G#3,15,0,0
C#m9,_,16,0,0
C#m9,C#3,1,0,0
C#m9,_,2,0,0
C#m9,_,3,0,0
C#m9,B2,4,0,0
C#m9,G#2,5,0,0
C#m9,_,6,0,0
C#m9,B2,7,0,0
C#m9,_,8,0,0
C#m9,C#3,9,0,0
C#m9,_,10,0,0
C#m9,_,11,0,0
C#m9,B2,12,1,0
C#m9,+,13,2,0
C#m9,_,14,0,0
C#m9,G#2,15,0,0
C#m9,_,16,0,0
F#m9,F#2,1,0,0
F#m9,_,2,0,0
F#m9,F#2,3,1,0
F#m9,_,4,0,0
F#m9,_,5,0,0
F#m9,_,6,0,0
F#m9,_,7,0,0
F#m9,_,8,0,0
F#m9,+,9,2,0
F#m9,_,10,0,0
F#m9,_,11,0,0
F#m9,C#3,12,0,0
F#m9,F#3,13,0,0
F#m9,C#3,14,0,0
F#m9,F#3,15,0,0
F#m9,C#3,16,0,0
F#m9,F#2,1,0,0
F#m9,_,2,0,0
F#m9,_,3,0,0
F#m9,_,4,0,0
F#m9,_,5,0,0
F#m9,_,6,0,0
F#m9,_,7,0,0
F#m9,C#3,8,0,0
F#m9,F#2,9,0,0
F#m9,_,10,0,0
F#m9,_,11,0,0
F#m9,C#3,12,0,0
F#m9,C#3,13,0,0
F#m9,_,14,0,0
F#m9,C3,15,0,0
F#m9,_,16,0,0
A/B,B2,1,0,0
A/B,_,2,0,0
A/B,_,3,0,0
A/B,_,4,0,0
A/B,_,5,0,0
A/B,_,6,0,0
A/B,D#3,7,1,0
A/B,_,8,0,0
A/B,+,9,2,0
A/B,E3,10,0,0
A/B,_,11,0,0
A/B,x,12,0,1
A/B,F#3,13,0,0
A/B,_,14,0,0
A/B,A3,15,0,0
A/B,_,16,0,0
B9,B3,1,0,0
B9,B3,2,0,0
B9,_,3,0,0
B9,B3,4,0,0
B9,A3,5,0,0
B9,_,6,0,0
B9,A3,7,0,0
B9,F#3,8,1,0
B9,+,9,2,0
B9,F#3,10,0,0
B9,B2,11,0,0
B9,_,12,0,0
B9,B2,13,0,0
B9,_,14,0,0
B9,B2,15,0,0
B9,_,16,0,0
F#m9,F#2,1,0,0
F#m9,_,2,0,0
F#m9,_,3,0,0
F#m9,_,4,0,0
F#m9,F#2,5,0,0
F#m9,_,6,0,0
F#m9,_,7,0,0
F#m9,A2,8,1,0
F#m9,+,9,2,0
F#m9,_,10,0,0
F#m9,_,11,0,0
F#m9,_,12,0,0
F#m9,C#3,13,0,0
F#m9,_,14,0,0
F#m9,C3,15,0,0
F#m9,_,16,0,0
Amaj7/B,B2,1,0,0
Amaj7/B,_,2,0,0
Amaj7/B,_,3,0,0
Amaj7/B,_,4,0,0
Amaj7/B,A2,5,0,0
Amaj7/B,_,6,0,0
Amaj7/B,_,7,0,0
Amaj7/B,G#2,8,1,0
Amaj7/B,+,9,2,0
Amaj7/B,_,10,0,0
Amaj7/B,G#2,11,0,0
Amaj7/B,_,12,0,0
Amaj7/B,G2,13,0,0
Amaj7/B,_,14,0,0
Amaj7/B,E2,15,0,0
Amaj7/B,_,16,0,0
F#m9,F#2,1,0,0
F#m9,_,2,0,0
F#m9,_,3,0,0
F#m9,_,4,0,0
F#m9,F#2,5,0,0
F#m9,_,6,0,0
F#m9,_,7,0,0
F#m9,A2,8,1,0
F#m9,+,9,2,0
F#m9,_,10,0,0
F#m9,A2,11,0,0
F#m9,_,12,0,0
F#m9,C#3,13,0,0
F#m9,_,14,0,0
F#m9,C3,15,0,0
F#m9,A2,16,0,0
Amaj7/B,B2,1,0,0
Amaj7/B,_,2,0,0
Amaj7/B,_,3,0,0
Amaj7/B,D#3,4,1,0
Amaj7/B,+,5,2,0
Amaj7/B,E3,6,0,0
Amaj7/B,_,7,0,0
Amaj7/B,E#3,8,0,0
Amaj7/B,F#3,9,0,0
Amaj7/B,_,10,0,0
Amaj7/B,A3,11,0,0
Amaj7/B,A#3,12,0,0
Amaj7/B,B3,13,0,0
Amaj7/B,A3,14,0,0
Amaj7/B,E3,15,0,0
Amaj7/B,E3,16,0,0
F#m9,F#3,1,0,0
F#m9,_,2,0,0
F#m9,F#3,3,1,0
F#m9,_,4,0,0
F#m9,+,5,2,0
F#m9,_,6,0,0
F#m9,_,7,0,0
F#m9,C#3,8,0,0
F#m9,F#2,9,0,0
F#m9,_,10,0,0
F#m9,_,11,0,0
F#m9,C#3,12,1,0
F#m9,+,13,2,0
F#m9,_,14,0,0
F#m9,C3,15,0,0
F#m9,_,16,0,0
Amaj7/B,B2,1,0,0
Amaj7/B,_,2,0,0
Amaj7/B,B2,3,1,0
Amaj7/B,_,4,0,0
Amaj7/B,+,5,2,0
Amaj7/B,_,6,0,0
Amaj7/B,_,7,0,0
Amaj7/B,x,8,0,1
B9,B2,9,0,0
B9,_,10,0,0
B9,_,11,0,0
B9,C#3,12,1,0
B9,+,13,2,0
B9,_,14,0,0
B9,D#3,15,0,0
B9,_,16,0,0
Emaj7,E3,1,0,0
Emaj7,_,2,0,0
Emaj7,E3,3,0,0
Emaj7,_,4,0,0
Emaj7,_,5,0,0
Emaj7,_,6,0,0
Emaj7,_,7,0,0
Emaj7,_,8,0,0
Emaj7,E3,9,0,0
Emaj7,_,10,0,0
Emaj7,_,11,0,0
Emaj7,F#3,12,1,0
Emaj7,+,13,2,0
Emaj7,_,14,0,0
Emaj7,G#3,15,0,0
Emaj7,_,16,0,0
C#m7,C#3,1,0,0
C#m7,_,2,0,0
C#m7,_,3,0,0
C#m7,_,4,0,0
C#m7,_,5,0,0
C#m7,_,6,0,0
C#m7,_,7,0,0
C#m7,x,8,0,1
C#m7,B2,9,0,0
C#m7,C#3,10,0,0
C#m7,E3,11,0,0
C#m7,_,12,0,0
C#m7,E3,13,0,0
C#m7,_,14,0,0
C#m7,C#3,15,0,0
C#m7,_,16,0,0
Emaj7,E2,1,0,0
Emaj7,_,2,0,0
Emaj7,E2,3,0,0
Emaj7,_,4,0,0
Emaj7,_,5,0,0
Emaj7,_,6,0,0
Emaj7,_,7,0,0
Emaj7,_,8,0,0
Emaj7,E3,9,0,0
Emaj7,_,10,0,0
Emaj7,_,11,0,0
Emaj7,F#3,12,1,0
Emaj7,+,13,2,0
Emaj7,_,14,0,0
Emaj7,G#3,15,0,0
Emaj7,_,16,0,0
C#m7,C#3,1,0,0
C#m7,_,2,0,0
C#m7,C#3,3,1,0
C#m7,_,4,0,0
C#m7,_,5,0,0
C#m7,_,6,0,0
C#m7,_,7,0,0
C#m7,_,8,0,0
C#m7,+,9,2,0
C#m7,_,10,0,0
C#m7,C#3,11,0,0
C#m7,C#3,12,0,0
C#m7,C3,13,0,0
C#m7,C3,14,0,0
C#m7,B2,15,0,0
C#m7,B-2,16,0,0
Am9,A2,1,0,0
Am9,_,2,0,0
Am9,A2,3,0,0
Am9,_,4,0,0
Am9,_,5,0,0
Am9,_,6,0,0
Am9,E3,7,0,0
Am9,A3,8,1,0
Am9,+,9,2,0
Am9,E3,10,0,0
Am9,A3,11,0,0
Am9,_,12,0,0
Am9,E3,13,0,0
Am9,_,14,0,0
Am9,A3,15,0,0
Am9,E3,16,0,0
Am9,A2,1,0,0
Am9,_,2,0,0
Am9,A2,3,0,0
Am9,_,4,0,0
Am9,_,5,0,0
Am9,_,6,0,0
Am9,E3,7,0,0
Am9,A3,8,1,0
Am9,+,9,2,0
Am9,E3,10,0,0
Am9,A3,11,0,0
Am9,_,12,0,0
Am9,E3,13,0,0
Am9,_,14,0,0
Am9,A3,15,0,0
Am9,E3,16,0,0
Am9,A2,1,0,0
Am9,_,2,0,0
Am9,A2,3,0,0
Am9,_,4,0,0
Am9,_,5,0,0
Am9,_,6,0,0
Am9,E3,7,0,0
Am9,A3,8,1,0
Am9,+,9,2,0
Am9,E3,10,0,0
Am9,A3,11,0,0
Am9,_,12,0,0
Am9,E3,13,0,0
Am9,_,14,0,0
Am9,A3,15,0,0
Am9,E3,16,0,0
Am9,A2,1,0,0
Am9,_,2,0,0
Am9,A2,3,0,0
Am9,_,4,0,0
Am9,_,5,0,0
Am9,_,6,0,0
Am9,E3,7,0,0
Am9,A3,8,1,0
Am9,+,9,2,0
Am9,E3,10,0,0
Am9,A3,11,0,0
Am9,_,12,0,0
Am9,E3,13,0,0
Am9,_,14,0,0
Am9,A3,15,0,0
Am9,E3,16,0,0
Am9,A2,1,0,0
Am9,_,2,0,0
Am9,A2,3,0,0
Am9,_,4,0,0
Am9,_,5,0,0
Am9,_,6,0,0
Am9,E3,7,0,0
Am9,A3,8,1,0
Am9,+,9,2,0
Am9,E3,10,0,0
Am9,A3,11,0,0
Am9,_,12,0,0
Am9,E3,13,0,0
Am9,_,14,0,0
Am9,A3,15,0,0
Am9,E3,16,0,0
Am9,A2,1,0,0
Am9,_,2,0,0
Am9,A2,3,0,0
Am9,_,4,0,0
Am9,_,5,0,0
Am9,_,6,0,0
Am9,E3,7,0,0
Am9,A3,8,1,0
Am9,+,9,2,0
Am9,E3,10,0,0
Am9,A3,11,0,0
Am9,_,12,0,0
Am9,E3,13,0,0
Am9,_,14,0,0
Am9,A3,15,0,0
Am9,E3,16,0,0
Am9,A2,1,0,0
Am9,_,2,0,0
Am9,A2,3,0,0
Am9,_,4,0,0
Am9,_,5,0,0
Am9,_,6,0,0
Am9,E3,7,0,0
Am9,A3,8,1,0
Am9,+,9,2,0
Am9,E3,10,0,0
Am9,A3,11,0,0
Am9,_,12,0,0
Am9,E3,13,0,0
Am9,_,14,0,0
Am9,A3,15,0,0
Am9,E3,16,0,0
Am9,A2,1,0,0
Am9,_,2,0,0
Am9,A2,3,0,0
Am9,_,4,0,0
Am9,_,5,0,0
Am9,_,6,0,0
Am9,E3,7,0,0
Am9,A3,8,1,0
Am9,+,9,2,0
Am9,E3,10,0,0
Am9,A2,11,0,0
Am9,_,12,0,0
Am9,A2,13,0,0
Am9,_,14,0,0
Am9,A#2,15,0,0
Am9,_,16,0,0
A/B,B2,1,0,0
A/B,_,2,0,0
A/B,B2,3,0,0
A/B,_,4,0,0
A/B,_,5,0,0
A/B,_,6,0,0
A/B,D#3,7,1,0
A/B,_,8,0,0
A/B,+,9,2,0
A/B,E3,10,0,0
A/B,_,11,0,0
A/B,E#3,12,0,0
A/B,F#3,13,0,0
A/B,_,14,0,0
A/B,A3,15,0,0
A/B,_,16,0,0
A/B,B3,1,0,0
A/B,_,2,0,0
A/B,B3,3,1,0
A/B,_,4,0,0
A/B,+,5,2,0
A/B,D#3,6,0,0
A/B,_,7,0,0
A/B,E3,8,1,0
A/B,+,9,2,0
A/B,E#3,10,0,0
A/B,F#3,11,0,0
A/B,_,12,0,0
A/B,F#2,13,0,0
A/B,_,14,0,0
A/B,C#3,15,0,0
A/B,_,16,0,0
A/B,B2,1,0,0
A/B,B2,2,0,0
A/B,_,3,0,0
A/B,B2,4,0,0
A/B,D#3,5,0,0
A/B,D#3,6,0,0
A/B,_,7,0,0
A/B,D#3,8,0,0
A/B,E3,9,0,0
A/B,E3,10,0,0
A/B,_,11,0,0
A/B,E3,12,0,0
A/B,E#3,13,0,0
A/B,E#3,14,0,0
A/B,_,15,0,0
A/B,E#3,16,0,0
A/B,F#3,1,0,0
A/B,F#3,2,0,0
A/B,_,3,0,0
A/B,F#3,4,0,0
A/B,A3,5,0,0
A/B,_,6,0,0
A/B,A#3,7,0,0
A/B,_,8,0,0
A/B,B3,9,0,0
A/B,F#3,10,0,0
A/B,C3,11,0,0
A/B,_,12,0,0
A/B,B2,13,0,0
A/B,_,14,0,0
A/B,B-2,15,0,0
A/B,_,16,0,0
Am9,A2,1,0,0
Am9,_,2,0,0
Am9,A2,3,1,0
Am9,_,4,0,0
Am9,+,5,2,0
Am9,_,6,0,0
Am9,_,7,0,0
Am9,E3,8,1,0
Am9,+,9,2,0
Am9,A3,10,0,0
Am9,_,11,0,0
Am9,E3,12,0,0
Am9,A3,13,0,0
Am9,_,14,0,0
Am9,E3,15,0,0
Am9,_,16,0,0
Am9,A2,1,0,0
Am9,_,2,0,0
Am9,A2,3,1,0
Am9,_,4,0,0
Am9,+,5,2,0
Am9,_,6,0,0
Am9,_,7,0,0
Am9,E3,8,1,0
Am9,+,9,2,0
Am9,A3,10,0,0
Am9,_,11,0,0
Am9,E3,12,0,0
Am9,A3,13,0,0
Am9,D3,14,0,0
Am9,E3,15,0,0
Am9,_,16,0,0
Am9,A2,1,0,0
Am9,_,2,0,0
Am9,A2,3,1,0
Am9,_,4,0,0
Am9,+,5,2,0
Am9,_,6,0,0
Am9,_,7,0,0
Am9,E3,8,1,0
Am9,+,9,2,0
Am9,A3,10,0,0
Am9,_,11,0,0
Am9,E3,12,0,0
Am9,A3,13,0,0
Am9,D3,14,0,0
Am9,E3,15,0,0
Am9,_,16,0,0
Am9,A2,1,0,0
Am9,_,2,0,0
Am9,A2,3,1,0
Am9,_,4,0,0
Am9,+,5,2,0
Am9,_,6,0,0
Am9,_,7,0,0
Am9,E3,8,1,0
Am9,+,9,2,0
Am9,A3,10,0,0
Am9,_,11,0,0
Am9,E3,12,0,0
Am9,A3,13,0,0
Am9,E3,14,0,0
Am9,A3,15,0,0
Am9,E3,16,0,0
Am9,A2,1,0,0
Am9,_,2,0,0
Am9,A2,3,1,0
Am9,_,4,0,0
Am9,+,5,2,0
Am9,_,6,0,0
Am9,_,7,0,0
Am9,E3,8,1,0
Am9,+,9,2,0
Am9,A3,10,0,0
Am9,_,11,0,0
Am9,E3,12,0,0
Am9,A3,13,0,0
Am9,_,14,0,0
Am9,E3,15,0,0
Am9,_,16,0,0
Am9,A2,1,0,0
Am9,_,2,0,0
Am9,A2,3,1,0
Am9,_,4,0,0
Am9,+,5,2,0
Am9,_,6,0,0
Am9,_,7,0,0
Am9,E3,8,1,0
Am9,+,9,2,0
Am9,A3,10,0,0
Am9,_,11,0,0
Am9,E3,12,0,0
Am9,A3,13,0,0
Am9,E3,14,0,0
Am9,A3,15,0,0
Am9,E3,16,0,0
Am9,A2,1,0,0
Am9,_,2,0,0
Am9,A2,3,1,0
Am9,_,4,0,0
Am9,+,5,2,0
Am9,_,6,0,0
Am9,_,7,0,0
Am9,E3,8,1,0
Am9,+,9,2,0
Am9,A3,10,0,0
Am9,_,11,0,0
Am9,E3,12,0,0
Am9,A3,13,0,0
Am9,_,14,0,0
Am9,E3,15,0,0
Am9,_,16,0,0
Am9,A2,1,0,0
Am9,_,2,0,0
Am9,A2,3,1,0
Am9,_,4,0,0
Am9,+,5,2,0
Am9,_,6,0,0
Am9,_,7,0,0
Am9,E3,8,0,0
Am9,A3,9,0,0
Am9,E3,10,0,0
Am9,A2,11,1,0
Am9,_,12,0,0
Am9,+,13,2,0
Am9,A#2,14,0,0
Am9,_,15,0,0
Am9,_,16,0,0
A/B,B2,1,0,0
A/B,_,2,0,0
A/B,B2,3,0,0
A/B,_,4,0,0
A/B,D#3,5,0,0
A/B,D#3,6,0,0
A/B,_,7,0,0
A/B,_,8,0,0
A/B,E3,9,0,0
A/B,_,10,0,0
A/B,E#3,11,0,0
A/B,_,12,0,0
A/B,F#3,13,0,0
A/B,_,14,0,0
A/B,A3,15,0,0
A/B,_,16,0,0
A/B,B3,1,0,0
A/B,_,2,0,0
A/B,B3,3,0,0
A/B,_,4,0,0
A/B,_,5,0,0
A/B,_,6,0,0
A/B,D#3,7,0,0
A/B,D#3,8,1,0
A/B,+,9,2,0
A/B,x,10,0,1
A/B,E3,11,0,0
A/B,_,12,0,0
A/B,F#3,13,0,0
A/B,_,14,0,0
A/B,_,15,0,0
A/B,_,16,0,0
